 {
 "content": [
 			{
				"type":"cms_image",
			 	"urlName":"urlname",
			 	"status":"Published",
			 	"body": {
		 				"title" : "B-C-COFMAC-001",
		 				"altText" : "",
		 				"thumbUrl":"https://b2blightga11.my.salesforce.com/file-asset-public/blackesspresso?oid=00DB0000000U1fw",
		 				"source" : {
											 "url": "https://b2blightga11.my.salesforce.com/file-asset-public/blackesspresso?oid=00DB0000000U1fw"}
						}
 						
			 },
			{
				"type":"cms_image",
			 	"urlName":"urlname",
			 	"status":"Published",
			 	"body": {
		 				"title" : "ID-CAP-II",
		 				"altText" : "",
		 				"thumbUrl":"https://b2blightga11.my.salesforce.com/file-asset-public/capricorn2machine?oid=00DB0000000U1fw",
		 				"source" : {
											 "url": "https://b2blightga11.my.salesforce.com/file-asset-public/capricorn2machine?oid=00DB0000000U1fw"}
						}
 						
			 },
			 {
			 	"type":"cms_image",
			 	"urlName":"urlname",
			 	"status":"Published",
			 	"body": {
		 				"title" : "ID-CAP-III",
		 				"altText" : "",
		 				"thumbUrl":"https://b2blightga11.my.salesforce.com/file-asset-public/capricorn3machine?oid=00DB0000000U1fw",
		 				"source" : {
									 "url": "https://b2blightga11.my.salesforce.com/file-asset-public/capricorn3machine?oid=00DB0000000U1fw"}
					}
 							
			 },
			 {
			 	"type":"cms_image",
			 	"urlName":"urlname",
			 	"status":"Published",
			 	"body": {
	 				"title" : "CERCG-1",
	 				"altText" : "",
	 				"thumbUrl":"https://b2blightga11.my.salesforce.com/file-asset-public/ceramicgrinder1?oid=00DB0000000U1fw",
	 				"source" : {
										 "url": "https://b2blightga11.my.salesforce.com/file-asset-public/ceramicgrinder1?oid=00DB0000000U1fw"}
					}
 								
			 },
			 {
			 	"type":"cms_image",
			 	"urlName":"urlname",
			 	"status":"Published",
			 	"body": {
	 				"title" : "CERCG-1-1",
	 				"altText" : "",
	 				"thumbUrl":"https://b2blightga11.my.salesforce.com/file-asset-public/ceramicgrinder2?oid=00DB0000000U1fw",
	 				"source" : {
										 "url": "https://b2blightga11.my.salesforce.com/file-asset-public/ceramicgrinder2?oid=00DB0000000U1fw"}
	 			 }
			 },
			 {
			 	"type":"cms_image",
			 	"urlName":"urlname",
			 	"status":"Published",
			 	"body": {
	 				"title" : "CREV-DR-BLEND",
	 				"altText" : "",
	 				"thumbUrl":"https://b2blightga11.my.salesforce.com/file-asset-public/CREVDRBLEND?oid=00DB0000000U1fw",
	 				"source" : {
									 "url": "https://b2blightga11.my.salesforce.com/file-asset-public/CREVDRBLEND?oid=00DB0000000U1fw"}
 				}
			 },
			 {
			 	"type":"cms_image",
			 	"urlName":"urlname",
			 	"status":"Published",
			 	"body": {
	 				"title" : "ID-PEM",
	 				"altText" : "",
	 				"thumbUrl":"https://b2blightga11.my.salesforce.com/file-asset-public/capriorn1machine?oid=00DB0000000U1fw",
	 				"source" : {
										 "url": "https://b2blightga11.my.salesforce.com/file-asset-public/capriorn1machine?oid=00DB0000000U1fw"}
	 				}
			 },
			 {
			 	"type":"cms_image",
			 	"urlName":"urlname",
			 	"status":"Published",
			 	"body": {
	 				"title" : "ID-PEM1",
	 				"altText" : "",
	 				"thumbUrl":"https://b2blightga11.my.salesforce.com/file-asset-public/capriorn1machineb?oid=00DB0000000U1fw",
	 				"source" : {
										 "url": "https://b2blightga11.my.salesforce.com/file-asset-public/capriorn1machineb?oid=00DB0000000U1fw"}
	 				}
			 },
			 {
			 	"type":"cms_image",
			 	"urlName":"urlname",
			 	"status":"Published",
			 	"body": {
	 				"title" : "CM-MSB-300",
	 				"altText" : "",
	 				"thumbUrl":"https://b2blightga11.my.salesforce.com/file-asset-public/CMMSB300?oid=00DB0000000U1fw",
	 				"source" : {
										 "url": "https://b2blightga11.my.salesforce.com/file-asset-public/CMMSB300?oid=00DB0000000U1fw"}
	 								}
			 },
			 {
			 	"type":"cms_image",
			 	"urlName":"urlname",
			 	"status":"Published",
			 	"body": {
	 				"title" : "CL-DR-BB",
	 				"altText" : "",
	 				"thumbUrl":"https://b2blightga11.my.salesforce.com/file-asset-public/capcoffeebeanscuban?oid=00DB0000000U1fw",
	 				"source" : {
										 "url": "https://b2blightga11.my.salesforce.com/file-asset-public/capcoffeebeanscuban?oid=00DB0000000U1fw"}
	 								}
			 },
			  {
			  	"type":"cms_image",
			 	"urlName":"urlname",
			 	"status":"Published",
			 	"body": {
	 				"title" : "DRW-1",
	 				"altText" : "",
	 				"thumbUrl":"https://b2blightga11.my.salesforce.com/file-asset-public/DRW1?oid=00DB0000000U1fw",
	 				"source" : {
										 "url": "https://b2blightga11.my.salesforce.com/file-asset-public/DRW1?oid=00DB0000000U1fw"}
	 								}
			 },
			 {
			 	"type":"cms_image",
			 	"urlName":"urlname",
			 	"status":"Published",
			 	"body": {
	 				"title" : "EM-ESP-001",
	 				"altText" : "",
	 				"thumbUrl":"https://b2blightga11.my.salesforce.com/file-asset-public/EMESP1?oid=00DB0000000U1fw",
	 				"source" : {
										 "url": "https://b2blightga11.my.salesforce.com/file-asset-public/EMESP1?oid=00DB0000000U1fw"}
	 								}
			 },
			 {
			 	"type":"cms_image",
			 	"urlName":"urlname",
			 	"status":"Published",
			 	"body": {
	 				"title" : "CF-1",
	 				"altText" : "",
	 				"thumbUrl":"https://b2blightga11.my.salesforce.com/file-asset-public/coffeefilters?oid=00DB0000000U1fw",
	 				"source" : {
										 "url": "https://b2blightga11.my.salesforce.com/file-asset-public/coffeefilters?oid=00DB0000000U1fw"}
	 								}
			 },
			{
				"type":"cms_image",
			 	"urlName":"urlname",
			 	"status":"Published",
			 	"body": {
	 				"title" : "E-ESP-001",
	 				"altText" : "",
	 				"thumbUrl":"https://b2blightga11.my.salesforce.com/file-asset-public/ESP0011?oid=00DB0000000U1fw",
	 				"source" : {
										 "url": "https://b2blightga11.my.salesforce.com/file-asset-public/ESP0011?oid=00DB0000000U1fw"}
	 								}
			 },
			 {
			 	"type":"cms_image",
			 	"urlName":"urlname",
			 	"status":"Published",
			 	"body": {
	 				"title" : "E-ESP-001-1",
	 				"altText" : "",
	 				"thumbUrl":"https://b2blightga11.my.salesforce.com/file-asset-public/ESP0012?oid=00DB0000000U1fw",
	 				"source" : {
										 "url": "https://b2blightga11.my.salesforce.com/file-asset-public/ESP0012?oid=00DB0000000U1fw"}
	 								}
			 },
			 {
			 	"type":"cms_image",
			 	"urlName":"urlname",
			 	"status":"Published",
			 	"body": {
	 				"title" : "ESP-IOT-1",
	 				"altText" : "",
	 				"thumbUrl":"https://b2blightga11.my.salesforce.com/file-asset-public/ESPIOT1?oid=00DB0000000U1fw",
	 				"source" : {
										 "url": "https://b2blightga11.my.salesforce.com/file-asset-public/ESPIOT1?oid=00DB0000000U1fw"}
	 								}
			 },
			 {
			 	"type":"cms_image",
			 	"urlName":"urlname",
			 	"status":"Published",
			 	"body": {
	 				"title" : "GDG-1",
	 				"altText" : "",
	 				"thumbUrl":"https://b2blightga11.my.salesforce.com/file-asset-public/GDG1?oid=00DB0000000U1fw",
	 				"source" : {
										 "url": "https://b2blightga11.my.salesforce.com/file-asset-public/GDG1?oid=00DB0000000U1fw"}
	 								}
			 },
			 {
			 	"type":"cms_image",
			 	"urlName":"urlname",
			 	"status":"Published",
			 	"body": {
	 				"title" : "CP-3",
	 				"altText" : "",
	 				"thumbUrl":"https://b2blightga11.my.salesforce.com/file-asset-public/CP3?oid=00DB0000000U1fw",
	 				"source" : {
										 "url": "https://b2blightga11.my.salesforce.com/file-asset-public/CP3?oid=00DB0000000U1fw"}
	 								}
			 },
			 {
			 	"type":"cms_image",
			 	"urlName":"urlname",
			 	"status":"Published",
			 	"body": {
	 				"title" : "CCG-1",
	 				"altText" : "",
	 				"thumbUrl":"https://b2blightga11.my.salesforce.com/file-asset-public/capgrinderupright?oid=00DB0000000U1fw",
	 				"source" : {
										 "url": "https://b2blightga11.my.salesforce.com/file-asset-public/capgrinderupright?oid=00DB0000000U1fw"}
	 								}
			 },
			 {
			 	"type":"cms_image",
			 	"urlName":"urlname",
			 	"status":"Published",
			 	"body": {
	 				"title" : "CR-DEC",
	 				"altText" : "",
	 				"thumbUrl":"https://b2blightga11.my.salesforce.com/file-asset-public/CRDECAF?oid=00DB0000000U1fw",
	 				"source" : {
										 "url": "https://b2blightga11.my.salesforce.com/file-asset-public/CRDECAF?oid=00DB0000000U1fw"}
	 								}
			 },
			 {
			 	"type":"cms_image",
			 	"urlName":"urlname",
			 	"status":"Published",
			 	"body": {
	 				"title" : "MRC-1",
	 				"altText" : "",
	 				"thumbUrl":"https://b2blightga11.my.salesforce.com/file-asset-public/mrc1?oid=00DB0000000U1fw",
	 				"source" : {
										 "url": "https://b2blightga11.my.salesforce.com/file-asset-public/mrc1?oid=00DB0000000U1fw"}
	 								}
			 },
			 {
			 	"type":"cms_image",
			 	"urlName":"urlname",
			 	"status":"Published",
			 	"body": {
	 				"title" : "COF-FIL",
	 				"altText" : "",
	 				"thumbUrl":"https://b2blightga11.my.salesforce.com/file-asset-public/organicfilters?oid=00DB0000000U1fw",
	 				"source" : {
										 "url": "https://b2blightga11.my.salesforce.com/file-asset-public/organicfilters?oid=00DB0000000U1fw"}
	 								}
			 },
			 {
			 	"type":"cms_image",
			 	"urlName":"urlname",
			 	"status":"Published",
			 	"body": {
	 				"title" : "CP-2",
	 				"altText" : "",
	 				"thumbUrl":"https://b2blightga11.my.salesforce.com/file-asset-public/coppercoffee1?oid=00DB0000000U1fw",
	 				"source" : {
										 "url": "https://b2blightga11.my.salesforce.com/file-asset-public/coppercoffee1?oid=00DB0000000U1fw"}
	 								}
			 },
			 {
			 	"type":"cms_image",
			 	"urlName":"urlname",
			 	"status":"Published",
			 	"body": {
	 				"title" : "CP-2-1",
	 				"altText" : "",
	 				"thumbUrl":"https://b2blightga11.my.salesforce.com/file-asset-public/coppercoffee2?oid=00DB0000000U1fw",
	 				"source" : {
										 "url": "https://b2blightga11.my.salesforce.com/file-asset-public/coppercoffee2?oid=00DB0000000U1fw"}
	 								}
			 },
			 {
			 	"type":"cms_image",
			 	"urlName":"urlname",
			 	"status":"Published",
			 	"body": {
	 				"title" : "CP-2-2",
	 				"altText" : "",
	 				"thumbUrl":"https://b2blightga11.my.salesforce.com/file-asset-public/coppercoffee3?oid=00DB0000000U1fw",
	 				"source" : {
										 "url": "https://b2blightga11.my.salesforce.com/file-asset-public/coppercoffee3?oid=00DB0000000U1fw"}
	 								}
			 },
			 {
			 	"type":"cms_image",
			 	"urlName":"urlname",
			 	"status":"Published",
			 	"body": {
	 				"title" : "CP-2-3",
	 				"altText" : "",
	 				"thumbUrl":"https://b2blightga11.my.salesforce.com/file-asset-public/coppercoffee4?oid=00DB0000000U1fw",
	 				"source" : {
										 "url": "https://b2blightga11.my.salesforce.com/file-asset-public/coppercoffee4?oid=00DB0000000U1fw"}
	 								}
			 },
			 {
			 	"type":"cms_image",
			 	"urlName":"urlname",
			 	"status":"Published",
			 	"body": {
	 				"title" : "CP-2-4",
	 				"altText" : "",
	 				"thumbUrl":"https://b2blightga11.my.salesforce.com/file-asset-public/coppercoffee5?oid=00DB0000000U1fw",
	 				"source" : {
										 "url": "https://b2blightga11.my.salesforce.com/file-asset-public/coppercoffee5?oid=00DB0000000U1fw"}
	 								}
			 },
			 {
			 	"type":"cms_image",
			 	"urlName":"urlname",
			 	"status":"Published",
			 	"body": {
	 				"title" : "LRW-1",
	 				"altText" : "",
	 				"thumbUrl":"https://b2blightga11.my.salesforce.com/file-asset-public/LRW1?oid=00DB0000000U1fw",
	 				"source" : {
										 "url": "https://b2blightga11.my.salesforce.com/file-asset-public/LRW1?oid=00DB0000000U1fw"}
	 								}
			 },
			 {
			 	"type":"cms_image",
			 	"urlName":"urlname",
			 	"status":"Published",
			 	"body": {
	 				"title" : "E-MR-B",
	 				"altText" : "",
	 				"thumbUrl":"https://b2blightga11.my.salesforce.com/file-asset-public/EMRB?oid=00DB0000000U1fw",
	 				"source" : {
										 "url": "https://b2blightga11.my.salesforce.com/file-asset-public/EMRB?oid=00DB0000000U1fw"}
	 								}
			 },
			 {
			 	"type":"cms_image",
			 	"urlName":"urlname",
			 	"status":"Published",
			 	"body": {
	 				"title" : "TR-COFMAC-001",
	 				"altText" : "",
	 				"thumbUrl":"https://b2blightga11.my.salesforce.com/file-asset-public/TRCOFMAC?oid=00DB0000000U1fw",
	 				"source" : {
										 "url": "https://b2blightga11.my.salesforce.com/file-asset-public/TRCOFMAC?oid=00DB0000000U1fw"}
	 								}
			 },
			 {
			 	"type":"cms_image",
			 	"urlName":"urlname",
			 	"status":"Published",
			 	"body": {
	 				"title" : "PS-DB",
	 				"altText" : "",
	 				"thumbUrl":"https://b2blightga11.my.salesforce.com/file-asset-public/PSDB?oid=00DB0000000U1fw",
	 				"source" : {
										 "url": "https://b2blightga11.my.salesforce.com/file-asset-public/PSDB?oid=00DB0000000U1fw"}
	 								}
			 },
			 {
			 	"type":"cms_image",
			 	"urlName":"urlname",
			 	"status":"Published",
			 	"body": {
	 				"title" : "PS-INF",
	 				"altText" : "",
	 				"thumbUrl":"https://b2blightga11.my.salesforce.com/file-asset-public/infuser1?oid=00DB0000000U1fw",
	 				"source" : {
										 "url": "https://b2blightga11.my.salesforce.com/file-asset-public/infuser1?oid=00DB0000000U1fw"}
	 								}
			 },
			 {
			 	"type":"cms_image",
			 	"urlName":"urlname",
			 	"status":"Published",
			 	"body": {
	 				"title" : "SS-DR-BB",
	 				"altText" : "",
	 				"thumbUrl":"https://b2blightga11.my.salesforce.com/file-asset-public/SSDRBB?oid=00DB0000000U1fw",
	 				"source" : {
										 "url": "https://b2blightga11.my.salesforce.com/file-asset-public/SSDRBB?oid=00DB0000000U1fw"}
	 								}
			 },
			 {
			 	"type":"cms_image",
			 	"urlName":"urlname",
			 	"status":"Published",
			 	"body": {
	 				"title" : "CP-1",
	 				"altText" : "",
	 				"thumbUrl":"https://b2blightga11.my.salesforce.com/file-asset-public/cp1?oid=00DB0000000U1fw",
	 				"source" : {
										 "url": "https://b2blightga11.my.salesforce.com/file-asset-public/cp1?oid=00DB0000000U1fw"}
	 								}
			 },
			 {
			 	"type":"cms_image",
			 	"urlName":"urlname",
			 	"status":"Published",
			 	"body": {
	 				"title" : "CP-1-1",
	 				"altText" : "",
	 				"thumbUrl":"https://b2blightga11.my.salesforce.com/file-asset-public/cpagg?oid=00DB0000000U1fw",
	 				"source" : {
										 "url": "https://b2blightga11.my.salesforce.com/file-asset-public/cpagg?oid=00DB0000000U1fw"}
	 								}
			 },
			 {
			 	"type":"cms_image",
			 	"urlName":"urlname",
			 	"status":"Published",
			 	"body": {
	 				"title" : "CP-1-2",
	 				"altText" : "",
	 				"thumbUrl":"https://b2blightga11.my.salesforce.com/file-asset-public/cp3jpg?oid=00DB0000000U1fw",
	 				"source" : {
										 "url": "https://b2blightga11.my.salesforce.com/file-asset-public/cp3jpg?oid=00DB0000000U1fw"}
	 								}
			 },
			 {
			 	"type":"cms_image",
			 	"urlName":"urlname",
			 	"status":"Published",
			 	"body": {
	 				"title" : "SSTC-1",
	 				"altText" : "",
	 				"thumbUrl":"https://b2blightga11.my.salesforce.com/file-asset-public/sstc1?oid=00DB0000000U1fw",
	 				"source" : {
										 "url": "https://b2blightga11.my.salesforce.com/file-asset-public/sstc1?oid=00DB0000000U1fw"}
	 								}
			 },
			 {
			 	"type":"cms_image",
			 	"urlName":"urlname",
			 	"status":"Published",
			 	"body": {
	 				"title" : "TM-COFMAC-001",
	 				"altText" : "",
	 				"thumbUrl":"https://b2blightga11.my.salesforce.com/file-asset-public/TMCOFMAC001?oid=00DB0000000U1fw",
	 				"source" : {
										 "url": "https://b2blightga11.my.salesforce.com/file-asset-public/TMCOFMAC001?oid=00DB0000000U1fw"}
	 								}
			 },
			 {
			 	"type":"cms_image",
			 	"urlName":"urlname",
			 	"status":"Published",
			 	"body": {
	 				"title" : "PS-EL",
	 				"altText" : "",
	 				"thumbUrl":"https://b2blightga11.my.salesforce.com/file-asset-public/PSEL1?oid=00DB0000000U1fw",
	 				"source" : {
										 "url": "https://b2blightga11.my.salesforce.com/file-asset-public/PSEL1?oid=00DB0000000U1fw"}
	 								}
			 },
			 {
			 	"type":"cms_image",
			 	"urlName":"urlname",
			 	"status":"Published",
			 	"body": {
	 				"title" : "PS-EL-1",
	 				"altText" : "",
	 				"thumbUrl":"https://b2blightga11.my.salesforce.com/file-asset-public/PSEL2?oid=00DB0000000U1fw",
	 				"source" : {
										 "url": "https://b2blightga11.my.salesforce.com/file-asset-public/PSEL2?oid=00DB0000000U1fw"}
	 								}
			 }

			]
 }
